{
  "name": "aurelia-skeleton-navigation-typescript-webpack",
  "version": false,
  "dependencies": {},
  "ambientDependencies": {
    "aurelia-binding": "npm:aurelia-binding/dist/commonjs/aurelia-binding.d.ts",
    "aurelia-bootstrapper-webpack": "npm:aurelia-bootstrapper-webpack/dist/commonjs/aurelia-bootstrapper-webpack.d.ts",
    "aurelia-dependency-injection": "npm:aurelia-dependency-injection/dist/commonjs/aurelia-dependency-injection.d.ts",
    "aurelia-event-aggregator": "npm:aurelia-event-aggregator/dist/commonjs/aurelia-event-aggregator.d.ts",
    "aurelia-fetch-client": "npm:aurelia-fetch-client/dist/commonjs/aurelia-fetch-client.d.ts",
    "aurelia-framework": "npm:aurelia-framework/dist/commonjs/aurelia-framework.d.ts",
    "aurelia-history": "npm:aurelia-history/dist/commonjs/aurelia-history.d.ts",
    "aurelia-history-browser": "npm:aurelia-history-browser/dist/commonjs/aurelia-history-browser.d.ts",
    "aurelia-loader": "npm:aurelia-loader/dist/commonjs/aurelia-loader.d.ts",
    "aurelia-loader-webpack": "npm:aurelia-loader-webpack/dist/commonjs/aurelia-loader-webpack.d.ts",
    "aurelia-logging-console": "npm:aurelia-logging-console/dist/commonjs/aurelia-logging-console.d.ts",
    "aurelia-metadata": "npm:aurelia-metadata/dist/commonjs/aurelia-metadata.d.ts",
    "aurelia-pal-browser": "npm:aurelia-pal-browser/dist/commonjs/aurelia-pal-browser.d.ts",
    "aurelia-path": "npm:aurelia-path/dist/commonjs/aurelia-path.d.ts",
    "aurelia-polyfills": "npm:aurelia-polyfills/dist/commonjs/aurelia-polyfills.d.ts",
    "aurelia-route-recognizer": "npm:aurelia-route-recognizer/dist/commonjs/aurelia-route-recognizer.d.ts",
    "aurelia-router": "npm:aurelia-router/dist/commonjs/aurelia-router.d.ts",
    "aurelia-task-queue": "npm:aurelia-task-queue/dist/commonjs/aurelia-task-queue.d.ts",
    "aurelia-templating-binding": "npm:aurelia-templating-binding/dist/commonjs/aurelia-templating-binding.d.ts",
    "aurelia-templating-resources": "npm:aurelia-templating-resources/dist/commonjs/aurelia-templating-resources.d.ts",
    "aurelia-templating-router": "npm:aurelia-templating-router/dist/commonjs/aurelia-templating-router.d.ts",
    "es6-collections": "registry:dt/es6-collections#0.5.1+20160316155526",
    "es6-promise": "github:DefinitelyTyped/DefinitelyTyped/es6-promise/es6-promise.d.ts#24e12a7af994afa2226af70fbfae0adc78736a9e"
  }
}
